{"2022-04-20 05:01:00": {"940GZZLUALD": 0.0027675277, "940GZZLUADE": 0.0004923683, "940GZZLUASL": 0.0024135157, "940GZZLUBLR": 0.0033288947, "940GZZLUBWR": 0.000656168, "940GZZLUBXN": 0.002503129, "940GZZLUBKH": 0.001908397, "940GZZLUBEC": 0.0022779044, "940GZZLUCGT": 0.017477203, "940GZZLUCWP": 0.011342155, "940GZZLUBDS": 0.0048701297, "940GZZLUCHX": 0.0012315271, "940GZZLUCFM": 0.001506024, "940GZZLUBOR": 0.00054347824, "940GZZLUCTN": 0.00023299162, "940GZZLUBST": 0.0015827257, "940GZZLUECM": 0.007989348, "940GZZLUEFY": 0.009153318, "940GZZLUEBY": 0.006756757, "940GZZLUEHM": 0.0028530671, "940GZZLUCSD": 0.0019249278, "940GZZLUCYF": 0.003099814, "940GZZLUEGW": 0.0019627085, "940GZZLUEMB": 0.008578168, "940GZZLUFYR": 0.0003185728, "940GZZLUGTH": 0.0013192613, "940GZZLUEPK": 0.01244168, "940GZZLUACT": 0.004407228, "940GZZLUASG": 0.0050946143, "940GZZLUBZP": 0.0012399256, "940GZZLUCWR": 0.0020109164, "940GZZLUDGE": 0.014705882, "940GZZLUEUS": 0.00020147074, "940GZZLUDGY": 0.0048602675, "940GZZLUEAC": 0.023351297, "940GZZLUEPG": 0.0028275212, "940GZZLUFLP": 0.010362694, "940GZZLUFPK": 0.0020979021, "940GZZLUGHK": 0.03544776, "940GZZLUCPS": 0.0020807325, "940GZZLUCPN": 0.00090415915, "940GZZLUGDG": 0.002541296, "940GZZLUEAN": 0.0016556291, "940GZZLUERC": 0.002140411, "940GZZLUHCL": 0.0011534025, "940GZZLUESQ": 0.0013764625, "940GZZLUHSN": 0.0011481056, "940GZZLUHSC": 0.0032573289, "940GZZLUECT": 0.0021441972, "940GZZLUHGT": 0.0020107238, "940GZZLUGPS": 0.0030159415, "940GZZLUHWE": 0.008319467, "940GZZLUKSX": 0.0043781637, "940GZZLUHWT": 0.010869565, "940GZZLUHWY": 0.002027027, "940GZZLUKBN": 0.002690583, "940GZZLUHBN": 0.0010071943, "940GZZLUKPK": 0.00095057033, "940GZZLULSQ": 0.0020618557, "940GZZLUHAW": 0.0016722408, "940GZZLULVT": 0.001607952, "940GZZLUMYB": 0.009519276, "940GZZLULNB": 0.0010121458, "940GZZLUMGT": 0.0021840022, "940GZZLUHRC": 0.025, "940GZZLUKSH": 0.0051282053, "940GZZLULAD": 0.0007479432, "940GZZLUMSH": 0.0012795905, "940GZZLUNOW": 0.0012690355, "940GZZLUOVL": 0.008321096, "940GZZLUOXC": 0.00060168473, "940GZZLUODS": 0.00074363267, "940GZZLUNWH": 0.004716981, "940GZZLURBG": 0.0017006802, "940GZZLUHSK": 0.0033898305, "940GZZLUNGW": 0.0012779552, "940GZZLUNHG": 0.0020124773, "940GZZLUKNG": 0.0020325202, "940GZZLUNBP": 0.0010952903, "940GZZLURYO": 0.003267974, "940GZZLURSP": 0.00407332, "940GZZLUSBM": 0.009302326, "940GZZLUSBC": 0.0050251256, "940GZZLUSEA": 0.00802139, "940GZZLUSHH": 0.0037313432, "940GZZLUSRP": 0.0013495276, "940GZZLUPYB": 0.00079176563, "940GZZLUSFS": 0.0015075377, "940GZZLUSWK": 0.0007914523, "940GZZLUTMH": 0.0034320035, "940GZZLUTNG": 0.005582137, "940GZZLUWYP": 0.0030930287, "940GZZLUWSP": 0.0017167382, "940GZZLUWAF": 0.0021321962, "940GZZLUWPL": 0.0032817628, "940GZZLUWOG": 0.0013218771, "940GZZLUWIP": 0.0019305019, "940GZZLUBNK": 0.0006199201, "940GZZLUBKF": 0.0030150753, "940GZZLUCPC": 0.0007082153, "940GZZLUERB": 0.00061087357, "940GZZLUFBY": 0.0021071644, "940GZZLUDBN": 0.002244669, "940GZZLUGGH": 0.004405286, "940GZZLUGFD": 0.005788712, "940GZZLUHOH": 0.00032175033, "940GZZLUHAI": 0.00054605026, "940GZZLUHNX": 0.03359684, "940GZZLULGN": 0.006584362, "940GZZLUCKS": 0.004830918, "940GZZLUNHA": 0.0013550136, "940GZZLURKW": 0.013888889, "940GZZLUSWN": 0.008534851, "940GZZLUSKW": 0.0066968324, "940GZZLUTPN": 0.00074183976, "940GZZLUWYC": 0.0006035003, "940GZZLUWHM": 0.0052844263, "940GZZLUWLO": 0.0019037547, "940GZZLUBTX": 0.00591716, "940GZZLUBND": 0.000702823, "940GZZLUCGN": 0.00066622254, "940GZZLUMMT": 0.0006199201, "940GZZLUSTD": 0.006827731, "940GZZLUWSM": 0.0013045099, "940GZZLUAGL": 0.0012135922, "940GZZLUSGN": 0.0020775623, "940GZZLUUPK": 0.002636783}, "2022-04-20 05:06:00": {"940GZZLUAGL": 0.0012135922, "940GZZLUBKG": 0.02912088, "940GZZLUBMY": 0.00049431535, "940GZZLUBLR": 0.003994674, "940GZZLUBOS": 0.0017636684, "940GZZLUBXN": 0.0021902379, "940GZZLUCWR": 0.0028727378, "940GZZLUBND": 0.00093709736, "940GZZLUCYF": 0.0037197769, "940GZZLUCGT": 0.013677811, "940GZZLUBTX": 0.007100592, "940GZZLUCTN": 0.00046598323, "940GZZLUCAR": 0.0030721966, "940GZZLUCPS": 0.0016645859, "940GZZLUDGY": 0.020656137, "940GZZLUECT": 0.0021441972, "940GZZLUERC": 0.004280822, "940GZZLUCGN": 0.00066622254, "940GZZLUEFY": 0.0097254, "940GZZLUEBY": 0.0075075077, "940GZZLUESQ": 0.0020646937, "940GZZLUEAC": 0.022324866, "940GZZLUGTR": 0.0003886514, "940GZZLUEAE": 0.004537205, "940GZZLUFPK": 0.0018648019, "940GZZLUGHK": 0.03731343, "940GZZLUGPK": 0.0015749213, "940GZZLUHAW": 0.0025083611, "940GZZLUHGT": 0.0013404826, "940GZZLUHBN": 0.0010071943, "940GZZLUKNG": 0.0016260162, "940GZZLUHSK": 0.006779661, "940GZZLUHLT": 0.0076804915, "940GZZLUKNB": 0.004302397, "940GZZLULYN": 0.001570475, "940GZZLULVT": 0.001900307, "940GZZLUHPC": 0.001397624, "940GZZLUBSC": 0.00046125462, "940GZZLUBBB": 0.00096899224, "940GZZLUMYB": 0.008567349, "940GZZLUMDN": 0.008196721, "940GZZLUMMT": 0.0006888001, "940GZZLUMED": 0.00036140223, "940GZZLUNBP": 0.004381161, "940GZZLUCSD": 0.0019249278, "940GZZLUNWH": 0.004716981, "940GZZLUNHG": 0.0020124773, "940GZZLUOVL": 0.006852668, "940GZZLUHWY": 0.002027027, "940GZZLUOXC": 0.0006618532, "940GZZLUHSN": 0.0011481056, "940GZZLUHSC": 0.008997429, "940GZZLUMBA": 0.0009469697, "940GZZLULNB": 0.00091093115, "940GZZLULBN": 0.0012870013, "940GZZLUPAC": 0.0060739922, "940GZZLURYO": 0.004901961, "940GZZLURSG": 0.0025641026, "940GZZLUPYB": 0.0015835313, "940GZZLUSBM": 0.007751938, "940GZZLUSWC": 0.0023584906, "940GZZLUSWK": 0.0007914523, "940GZZLUSTD": 0.008272059, "940GZZLUSFB": 0.003125, "940GZZLUTHB": 0.0035460992, "940GZZLUSRP": 0.0013495276, "940GZZLUSGN": 0.0034626038, "940GZZLUWBN": 0.0025231286, "940GZZLUWSM": 0.0013045099, "940GZZLUUPY": 0.004830918, "940GZZLUUPM": 0.03773585, "940GZZLUUPK": 0.007910349, "940GZZLUWAF": 0.0021321962, "940GZZLUWPL": 0.001875293, "940GZZLUWIP": 0.0019305019, "940GZZLUWOG": 0.0019828156, "940GZZLUWOF": 0.007067138, "940GZZLUACT": 0.0057293964, "940GZZLUASG": 0.0065502184, "940GZZLUCFM": 0.00251004, "940GZZLUCHX": 0.0014778326, "940GZZLUCPN": 0.0013562387, "940GZZLUCKS": 0.014492754, "940GZZLUAMS": 0.002797203, "940GZZLUDGE": 0.022624435, "940GZZLUEPY": 0.0012099213, "940GZZLUECM": 0.007989348, "940GZZLUEPG": 0.012252592, "940GZZLUFYR": 0.0003185728, "940GZZLUEGW": 0.0049067712, "940GZZLUDOH": 0.0021598272, "940GZZLUGTH": 0.003957784, "940GZZLUFLP": 0.010362694, "940GZZLUFBY": 0.0024081878, "940GZZLUGGN": 0.012367492, "940GZZLUGDG": 0.003811944, "940GZZLUGPS": 0.0030159415, "940GZZLUGGH": 0.008810572, "940GZZLUHGD": 0.0016877637, "940GZZLUHWT": 0.013586956, "940GZZLUHOH": 0.00064350065, "940GZZLUMVL": 0.0058972198, "940GZZLUKPK": 0.00095057033, "940GZZLULAD": 0.0022438294, "940GZZLUMGT": 0.0021840022, "940GZZLUODS": 0.0005577245, "940GZZLUPNR": 0.0073917634, "940GZZLUQPS": 0.0018903592, "940GZZLURBG": 0.0017006802, "940GZZLURKW": 0.014880952, "940GZZLUSBC": 0.005443886, "940GZZLUSEA": 0.010695187, "940GZZLUSHH": 0.009328358, "940GZZLUSTM": 0.0011160715, "940GZZLUTCR": 0.0011137407, "940GZZLUTNG": 0.00877193, "940GZZLUTPN": 0.0014836795, "940GZZLUWYP": 0.0038068048, "940GZZLUWHP": 0.0012150669, "940GZZLUWCY": 0.010544815, "940GZZLUBNK": 0.0006888001, "940GZZLUBST": 0.0019218812, "940GZZLUCPC": 0.0017705383, "940GZZLUCST": 0.00074738415, "940GZZLUGFD": 0.004341534, "940GZZLUHCL": 0.002306805, "940GZZLUHRC": 0.03181818, "940GZZLUHNX": 0.041501977, "940GZZLUKSX": 0.004720208, "940GZZLUKSH": 0.0051282053, "940GZZLUKBN": 0.0035874438, "940GZZLUOAK": 0.004640371, "940GZZLUTMH": 0.0034320035, "940GZZLUWYC": 0.0024140012, "940GZZLUWIM": 0.0019543974, "940GZZLUALD": 0.003690037, "940GZZLUEMB": 0.0075058974, "940GZZLUACY": 0.0039018951, "940GZZLULGN": 0.006584362}, "2022-04-20 05:11:00": {"940GZZLUALP": 0.002522068, "940GZZLUALD": 0.0027675277, "940GZZLUBKG": 0.03901099, "940GZZLUBLR": 0.003994674, "940GZZLUCFM": 0.003012048, "940GZZLUBMY": 0.0014829461, "940GZZLUCYD": 0.003338898, "940GZZLUCGN": 0.00066622254, "940GZZLUBXN": 0.0031289111, "940GZZLUDBN": 0.008978676, "940GZZLUBND": 0.0012885089,