{"2022-04-20 05:01:00": {"940GZZLUALD": 0.0027675277, "940GZZLUADE": 0.0004923683, "940GZZLUASL": 0.0024135157, "940GZZLUBLR": 0.0033288947, "940GZZLUBWR": 0.000656168, "940GZZLUBXN": 0.002503129, "940GZZLUBKH": 0.001908397, "940GZZLUBEC": 0.0022779044, "940GZZLUCGT": 0.017477203, "940GZZLUCWP": 0.011342155, "940GZZLUBDS": 0.0048701297, "940GZZLUCHX": 0.0012315271, "940GZZLUCFM": 0.001506024, "940GZZLUBOR": 0.00054347824, "940GZZLUCTN": 0.00023299162, "940GZZLUBST": 0.0015827257, "940GZZLUECM": 0.007989348, "940GZZLUEFY": 0.009153318, "940GZZLUEBY": 0.006756757, "940GZZLUEHM": 0.0028530671, "940GZZLUCSD": 0.0019249278, "940GZZLUCYF": 0.003099814, "940GZZLUEGW": 0.0019627085, "940GZZLUEMB": 0.008578168, "940GZZLUFYR": 0.0003185728, "940GZZLUGTH": 0.0013192613, "940GZZLUEPK": 0.01244168, "940GZZLUACT": 0.004407228, "940GZZLUASG": 0.0050946143, "940GZZLUBZP": 0.0012399256, "940GZZLUCWR": 0.0020109164, "940GZZLUDGE": 0.014705882, "940GZZLUEUS": 0.00020147074, "940GZZLUDGY": 0.0048602675, "940GZZLUEAC": 0.023351297, "940GZZLUEPG": 0.0028275212, "940GZZLUFLP": 0.010362694, "940GZZLUFPK": 0.0020979021, "940GZZLUGHK": 0.03544776, "940GZZLUCPS": 0.0020807325, "940GZZLUCPN": 0.00090415915, "940GZZLUGDG": 0.002541296, "940GZZLUEAN": 0.0016556291, "940GZZLUERC": 0.002140411, "940GZZLUHCL": 0.0011534025, "940GZZLUESQ": 0.0013764625, "940GZZLUHSN": 0.0011481056, "940GZZLUHSC": 0.0032573289, "940GZZLUECT": 0.0021441972, "940GZZLUHGT": 0.0020107238, "940GZZLUGPS": 0.0030159415, "940GZZLUHWE": 0.008319467, "940GZZLUKSX": 0.0043781637, "940GZZLUHWT": 0.010869565, "940GZZLUHWY": 0.002027027, "940GZZLUKBN": 0.002690583, "940GZZLUHBN": 0.0010071943, "940GZZLUKPK": 0.00095057033, "940GZZLULSQ": 0.0020618557, "940GZZLUHAW": 0.0016722408, "940GZZLULVT": 0.001607952, "940GZZLUMYB": 0.009519276, "940GZZLULNB": 0.0010121458, "940GZZLUMGT": 0.0021840022, "940GZZLUHRC": 0.025, "940GZZLUKSH": 0.0051282053, "940GZZLULAD": 0.0007479432, "940GZZLUMSH": 0.0012795905, "940GZZLUNOW": 0.0012690355, "940GZZLUOVL": 0.008321096, "940GZZLUOXC": 0.00060168473, "940GZZLUODS": 0.00074363267, "940GZZLUNWH": 0.004716981, "940GZZLURBG": 0.0017006802, "940GZZLUHSK": 0.0033898305, "940GZZLUNGW": 0.0012779552, "940GZZLUNHG": 0.0020124773, "940GZZLUKNG": 0.0020325202, "940GZZLUNBP": 0.0010952903, "940GZZLURYO": 0.003267974, "940GZZLURSP": 0.00407332, "940GZZLUSBM": 0.009302326, "940GZZLUSBC": 0.0050251256, "940GZZLUSEA": 0.00802139, "940GZZLUSHH": 0.0037313432, "940GZZLUSRP": 0.0013495276, "940GZZLUPYB": 0.00079176563, "940GZZLUSFS": 0.0015075377, "940GZZLUSWK": 0.0007914523, "940GZZLUTMH": 0.0034320035, "940GZZLUTNG": 0.005582137, "940GZZLUWYP": 0.0030930287, "940GZZLUWSP": 0.0017167382, "940GZZLUWAF": 0.0021321962, "940GZZLUWPL": 0.0032817628, "940GZZLUWOG": 0.0013218771, "940GZZLUWIP": 0.0019305019}, "2022-04-20 05:06:00": {}, "2022-04-20 05:11:00": {}, "2022-04-20 05:16:00": {}, "2022-04-20 05:21:00": {}, "2022-04-20 05:26:00": {}, "2022-04-20 05:31:00": {}, "2022-04-20 05:36:00": {}, "2022-04-20 05:41:00": {}, "2022-04-20 05:46:00": {}, "2022-04-20 05:51:00": {}, "2022-04-20 05:56:00": {}, "2022-04-20 06:01:00": {}, "2022-04-20 06:06:00": {}, "2022-04-20 06:11:00": {}, "2022-04-20 06:16:00": {}, "2022-04-20 06:21:00": {}, "2022-04-20 06:26:00": {}, "2022-04-20 06:31:00": {}, "2022-04-20 06:36:00": {}, "2022-04-20 06:41:00": {}, "2022-04-20 06:46:00": {}, "2022-04-20 06:51:00": {}, "2022-04-20 06:56:00": {}, "2022-04-20 07:01:00": {}, "2022-04-20 07:06:00": {}, "2022-04-20 07:11:00": {}, "2022-04-20 07:16:00": {}, "2022-04-20 07:21:00": {}, "2022-04-20 07:26:00": {}, "2022-04-20 07:31:00": {}, "2022-04-20 07:36:00": {}, "2022-04-20 07:41:00": {}, "2022-04-20 07:46:00": {}, "2022-04-20 07:51:00": {}, "2022-04-20 07:56:00": {}, "2022-04-20 08:01:00": {}, "2022-04-20 08:06:00": {}, "2022-04-20 08:11:00": {}, "2022-04-20 08:16:00": {}, "2022-04-20 08:21:00": {}, "2022-04-20 08:26:00": {}, "2022-04-20 08:31:00": {}, "2022-04-20 08:36:00": {}, "2022-04-20 08:41:00": {}, "2022-04-20 08:46:00": {}, "2022-04-20 08:51:00": {}, "2022-04-20 08:56:00": {}, "2022-04-20 09:01:00": {}, "2022-04-20 09:06:00": {}, "2022-04-20 09:11:00": {}, "2022-04-20 09:16:00": {}, "2022-04-20 09:21:00": {}, "2022-04-20 09:26:00": {}, "2022-04-20 09:31:00": {}, "2022-04-20 09:36:00": {}, "2022-04-20 09:41:00": {}, "2022-04-20 09:46:00": {}, "2022-04-20 09:51:00": {}, "2022-04-20 09:56:00": {}, "2022-04-20 10:01:00": {}, "2022-04-20 10:06:00": {}, "2022-04-20 10:11:00": {}, "2022-04-20 10:16:00": {}, "2022-04-20 10:21:00": {}, "2022-04-20 10:26:00": {}, "2022-04-20 10:31:00": {}, "2022-04-20 10:36:00": {}, "2022-04-20 10:41:00": {}, "2022-04-20 10:46:00": {}, "2022-04-20 10:51:00": {}, "2022-04-20 10:56:00": {}, "2022-04-20 11:01:00": {}, "2022-04-20 11:06:00": {}, "2022-04-20 11:11:00": {}, "2022-04-20 11:16:00": {}, "2022-04-20 11:21:00": {}, "2022-04-20 11:26:00": {}, "2022-04-20 11:31:00": {}, "2022-04-20 11:36:00": {}, "2022-04-20 11:41:00": {}, "2022-04-20 11:46:00": {}, "2022-04-20 11:51:00": {}, "2022-04-20 11:56:00": {}, "2022-04-20 12:01:00": {}, "2022-04-20 12:06:00": {}, "2022-04-20 12:11:00": {}, "2022-04-20 12:16:00": {}, "2022-04-20 12:21:00": {}, "2022-04-20 12:26:00": {}, "2022-04-20 12:31:00": {}, "2022-04-20 12:36:00": {}, "2022-04-20 12:41:00": {}, "2022-04-20 12:46:00": {}, "2022-04-20 12:51:00": {}, "2022-04-20 12:56:00": {}, "2022-04-20 13:01:00": {}, "2022-04-20 13:06:00": {}, "2022-04-20 13:11:00": {}, "2022-04-20 13:16:00": {}, "2022-04-20 13:21:00": {}, "2022-04-20 13:26:00": {}, "2022-04-20 13:31:00": {}, "2022-04-20 13:36:00": {}, "2022-04-20 13:41:00": {}, "2022-04-20 13:46:00": {}, "2022-04-20 13:51:00": {}, "2022-04-20 13:56:00": {}, "2022-04-20 14:01:00": {}, "2022-04-20 14:06:00": {}, "2022-04-20 14:11:00": {}, "2022-04-20 14:16:00": {}, "2022-04-20 14:21:00": {}, "2022-04-20 14:26:00": {}, "2022-04-20 14:31:00": {}, "2022-04-20 14:36:00": {}, "2022-04-20 14:41:00": {}, "2022-04-20 14:46:00": {}, "2022-04-20 14:51:00": {}, "2022-04-20 14:56:00": {}, "2022-04-20 15:01:00": {}, "2022-04-20 15:06:00": {}, "2022-04-20 15:11:00": {}, "2022-04-20 15:16:00": {}, "2022-04-20 15:21:00": {}, "2022-04-20 15:26:00": {}, "2022-04-20 15:31:00": {}, "2022-04-20 15:36:00": {}, "2022-04-20 15:41:00": {}, "2022-04-20 15:46:00": {}, "2022-04-20 15:51:00": {}, "2022-04-20 15:56:00": {}, "2022-04-20 16:01:00": {}, "2022-04-20 16:06:00": {}, "2022-04-20 16:11:00": {}, "2022-04-20 16:16:00": {}, "2022-04-20 16:21:00": {}, "2022-04-20 16:26:00": {}, "2022-04-20 16:31:00": {}, "2022-04-20 16:36:00": {}, "2022-04-20 16:41:00": {}, "2022-04-20 16:46:00": {}, "2022-04-20 16:51:00": {}, "2022-04-20 16:56:00": {}, "2022-04-20 17:01:00": {}, "2022-04-20 17:06:00": {}, "2022-04-20 17:11:00": {}, "2022-04-20 17:16:00": {}, "2022-04-20 17:21:00": {}, "2022-04-20 17:26:00": {}, "2022-04-20 17:31:00": {}, "2022-04-20 17:36:00": {}, "2022-04-20 17:41:00": {}, "2022-04-20 17:46:00": {}, "2022-04-20 17:51:00": {}, "2022-04-20 17:56:00": {}, "2022-04-20 18:01:00": {}, "2022-04-20 18:06:00": {}, "2022-04-20 18:11:00": {}, "2022-04-20 18:16:00": {}, "2022-04-20 18:21:00": {}, "2022-04-20 18:26:00": {}, "2022-04-20 18:31:00": {}, "2022-04-20 18:36:00": {}, "2022-04-20 18:41:00": {}, "2022-04-20 18:46:00": {}, "2022-04-20 18:51:00": {}, "2022-04-20 18:56:00": {}, "2022-04-20 19:01:00": {}, "2022-04-20 19:06:00": {}, "2022-04-20 19:11:00": {}, "2022-04-20 19:16:00": {}, "2022-04-20 19:21:00": {}, "2022-04-20 19:26:00": {}, "2022-04-20 19:31:00": {}, "2022-04-20 19:36:00": {}, "2022-04-20 19:41:00": {}, "2022-04-20 19:46:00": {}, "2022-04-20 19:51:00": {}, "2022-04-20 19:56:00": {}, "2022-04-20 20:01:00": {}, "2022-04-20 20:06:00": {}, "2022-04-20 20:11:00": {}, "2022-04-20 20:16:00": {}, "2022-04-20 20:21:00": {}, "2022-04-20 20:26:00": {}, "2022-04-20 20:31:00": {}, "2022-04-20 20:36:00": {}, "2022-04-20 20:41:00": {}, "2022-04-20 20:46:00": {}, "2022-04-20 20:51:00": {}, "2022-04-20 20:56:00": {}, "2022-04-20 21:01:00": {},